<?xml version="1.0" encoding="UTF-8" standalone="yes"?>
<alert xmlns="urn:oasis:names:tc:emergency:cap:1.2">
  <identifier>2.49.0.0.276.0.DWD.PVW.1728293400000.8b43ab69-9107-432e-be9e-2701e8130073.DEU</identifier>
  <sender>opendata@dwd.de</sender>
  <sent>2024-10-07T11:30:00+02:00</sent>
  <status>Actual</status>
  <msgType>Update</msgType>
  <source>PVW</source>
  <scope>Public</scope>
  <code>id:2.49.0.0.276.0.DWD.PVW.1728293400000.8b43ab69-9107-432e-be9e-2701e8130073</code>
  <references>opendata@dwd.de,2.49.0.0.276.0.DWD.PVW.1728277560000.22249279-1f19-4e31-bcbc-59900c7cde3f.DEU,2024-10-07T07:06:00+02:00</references>
  <info>
    <language>de-DE</language>
    <category>Met</category>
    <event>WINDBÖEN</event>
    <responseType>Prepare</responseType>
    <urgency>Immediate</urgency>
    <severity>Minor</severity>
    <certainty>Likely</certainty>
    <eventCode>
      <valueName>PROFILE_VERSION</valueName>
      <value>2.1.13</value>
    </eventCode>
    <eventCode>
      <valueName>LICENSE</valueName>
      <value>© GeoBasis-DE / BKG 2021 (Daten modifiziert)</value>
    </eventCode>
    <eventCode>
      <valueName>II</valueName>
      <value>51</value>
    </eventCode>
    <eventCode>
      <valueName>GROUP</valueName>
      <value>WIND</value>
    </eventCode>
    <eventCode>
      <valueName>AREA_COLOR</valueName>
      <value>255 235 59</value>
    </eventCode>
    <effective>2024-10-07T11:30:00+02:00</effective>
    <onset>2024-10-07T11:30:00+02:00</onset>
    <expires>2024-10-09T00:00:00+02:00</expires>
    <senderName>Deutscher Wetterdienst</senderName>
    <headline>Amtliche WARNUNG vor WINDBÖEN</headline>
    <description>In Föhntälern treten Windböen mit Geschwindigkeiten um 60 km/h (17 m/s, 33 kn, Bft 7) aus südlicher Richtung auf.</description>
    <instruction>Hinweis auf umherfliegende leichte Gegenstände. 
Handlungsempfehlungen: 
lose Gegenstände sichern; z.B. Zelte und Abdeckungen befestigen</instruction>
    <web>https://dwd.de/warnungen</web>
    <contact>Deutscher Wetterdienst</contact>
    <parameter>
      <valueName>wind direction</valueName>
      <value>south</value>
    </parameter>
    <parameter>
      <valueName>gusts</valueName>
      <value>~60 [km/h]</value>
    </parameter>
    <area>
      <areaDesc>polygonal event area</areaDesc>
      <polygon>47.819304,12.030732 47.81837,12.059373 47.813218,12.130796 47.839023,12.153284 47.836505,12.171491 47.821456,12.170519 47.822714,12.200609 47.813708,12.202287 47.81006,12.215295 47.818717,12.226405 47.812191,12.232539 47.816328,12.241874 47.80977,12.251253 47.798673,12.235823 47.790268,12.248656 47.79067,12.213416 47.779531,12.186034 47.765602,12.175266 47.758229,12.148277 47.759186,12.130753 47.752693,12.082043 47.739503,12.062143 47.744602,12.055255 47.75987,12.067438 47.76527,12.05239 47.806479,12.033774 47.81009,12.020442 47.819304,12.030732 47.819304,12.030732</polygon>
      <altitude>0.0</altitude>
      <ceiling>9842.5197</ceiling>
    </area>
    <area>
      <areaDesc>Gemeinde Raubling</areaDesc>
      <geocode>
        <valueName>WARNCELLID</valueName>
        <value>809187165</value>
      </geocode>
      <altitude>0.0</altitude>
      <ceiling>9842.5197</ceiling>
    </area>
    <area>
      <areaDesc>Gemeinde Neubeuern</areaDesc>
      <geocode>
        <valueName>WARNCELLID</valueName>
        <value>809187154</value>
      </geocode>
      <altitude>0.0</altitude>
      <ceiling>9842.5197</ceiling>
    </area>
    <area>
      <areaDesc>Gemeinde Rohrdorf</areaDesc>
      <geocode>
        <valueName>WARNCELLID</valueName>
        <value>809187169</value>
      </geocode>
      <altitude>0.0</altitude>
      <ceiling>9842.5197</ceiling>
    </area>
  </info>
</alert>
