<?xml version="1.0" encoding="UTF-8" standalone="yes"?>
<alert xmlns="urn:oasis:names:tc:emergency:cap:1.2">
  <identifier>2.49.0.0.276.0.DWD.PVW.1728293400000.8b43ab69-9107-432e-be9e-2701e8130073.MUL</identifier>
  <sender>opendata@dwd.de</sender>
  <sent>2024-10-07T11:30:00+02:00</sent>
  <status>Actual</status>
  <msgType>Update</msgType>
  <source>PVW</source>
  <scope>Public</scope>
  <code>id:2.49.0.0.276.0.DWD.PVW.1728293400000.8b43ab69-9107-432e-be9e-2701e8130073</code>
  <references>opendata@dwd.de,2.49.0.0.276.0.DWD.PVW.1728277560000.22249279-1f19-4e31-bcbc-59900c7cde3f.MUL,2024-10-07T07:06:00+02:00</references>
  <info>
    <language>de-DE</language>
    <category>Met</category>
    <event>WINDBÖEN</event>
    <responseType>Prepare</responseType>
    <urgency>Immediate</urgency>
    <severity>Minor</severity>
    <certainty>Likely</certainty>
    <eventCode>
      <valueName>PROFILE_VERSION</valueName>
      <value>2.1.13</value>
    </eventCode>
    <eventCode>
      <valueName>LICENSE</valueName>
      <value>© GeoBasis-DE / BKG 2021 (Daten modifiziert)</value>
    </eventCode>
    <eventCode>
      <valueName>II</valueName>
      <value>51</value>
    </eventCode>
    <eventCode>
      <valueName>GROUP</valueName>
      <value>WIND</value>
    </eventCode>
    <eventCode>
      <valueName>AREA_COLOR</valueName>
      <value>255 235 59</value>
    </eventCode>
    <effective>2024-10-07T11:30:00+02:00</effective>
    <onset>2024-10-07T11:30:00+02:00</onset>
    <expires>2024-10-09T00:00:00+02:00</expires>
    <senderName>Deutscher Wetterdienst</senderName>
    <headline>Amtliche WARNUNG vor WINDBÖEN</headline>
    <description>In Föhntälern treten Windböen mit Geschwindigkeiten um 60 km/h (17 m/s, 33 kn, Bft 7) aus südlicher Richtung auf.</description>
    <instruction>Hinweis auf umherfliegende leichte Gegenstände. 
Handlungsempfehlungen: 
lose Gegenstände sichern; z.B. Zelte und Abdeckungen befestigen</instruction>
    <web>https://dwd.de/warnungen</web>
    <contact>Deutscher Wetterdienst</contact>
    <parameter>
      <valueName>wind direction</valueName>
      <value>south</value>
    </parameter>
    <parameter>
      <valueName>gusts</valueName>
      <value>~60 [km/h]</value>
    </parameter>
    <area>
      <areaDesc>polygonal event area</areaDesc>
      <polygon>47.819304,12.030732 47.81837,12.059373 47.813218,12.130796 47.839023,12.153284 47.836505,12.171491 47.821456,12.170519 47.822714,12.200609 47.813708,12.202287 47.81006,12.215295 47.818717,12.226405 47.812191,12.232539 47.816328,12.241874 47.80977,12.251253 47.798673,12.235823 47.790268,12.248656 47.79067,12.213416 47.779531,12.186034 47.765602,12.175266 47.758229,12.148277 47.759186,12.130753 47.752693,12.082043 47.739503,12.062143 47.744602,12.055255 47.75987,12.067438 47.76527,12.05239 47.806479,12.033774 47.81009,12.020442 47.819304,12.030732 47.819304,12.030732</polygon>
      <altitude>0.0</altitude>
      <ceiling>9842.5197</ceiling>
    </area>
    <area>
      <areaDesc>Gemeinde Raubling</areaDesc>
      <geocode>
        <valueName>WARNCELLID</valueName>
        <value>809187165</value>
      </geocode>
      <altitude>0.0</altitude>
      <ceiling>9842.5197</ceiling>
    </area>
    <area>
      <areaDesc>Gemeinde Neubeuern</areaDesc>
      <geocode>
        <valueName>WARNCELLID</valueName>
        <value>809187154</value>
      </geocode>
      <altitude>0.0</altitude>
      <ceiling>9842.5197</ceiling>
    </area>
    <area>
      <areaDesc>Gemeinde Rohrdorf</areaDesc>
      <geocode>
        <valueName>WARNCELLID</valueName>
        <value>809187169</value>
      </geocode>
      <altitude>0.0</altitude>
      <ceiling>9842.5197</ceiling>
    </area>
  </info>
  <info>
    <language>en</language>
    <category>Met</category>
    <event>wind gusts</event>
    <responseType>Prepare</responseType>
    <urgency>Immediate</urgency>
    <severity>Minor</severity>
    <certainty>Likely</certainty>
    <eventCode>
      <valueName>PROFILE_VERSION</valueName>
      <value>2.1.13</value>
    </eventCode>
    <eventCode>
      <valueName>LICENSE</valueName>
      <value>© GeoBasis-DE / BKG 2021 (Daten modifiziert)</value>
    </eventCode>
    <eventCode>
      <valueName>II</valueName>
      <value>51</value>
    </eventCode>
    <eventCode>
      <valueName>GROUP</valueName>
      <value>WIND</value>
    </eventCode>
    <eventCode>
      <valueName>AREA_COLOR</valueName>
      <value>255 235 59</value>
    </eventCode>
    <effective>2024-10-07T11:30:00+02:00</effective>
    <onset>2024-10-07T11:30:00+02:00</onset>
    <expires>2024-10-09T00:00:00+02:00</expires>
    <senderName>Deutscher Wetterdienst</senderName>
    <headline>Official WARNING of WIND GUSTS</headline>
    <description>There is a risk of wind gusts (level 1 of 4).
Occurrence: in foehn valleys; Max. gusts: ~ 60 km/h; Wind direction: south</description>
    <instruction>Hazard(s) to expect: light objects flying through the air. 
Recommendations for what to do: 
Secure loose objects. For example, fasten tents and coverings.</instruction>
    <web>https://dwd.de/warnungen</web>
    <contact>Deutscher Wetterdienst</contact>
    <parameter>
      <valueName>wind direction</valueName>
      <value>south</value>
    </parameter>
    <parameter>
      <valueName>gusts</valueName>
      <value>~60 [km/h]</value>
    </parameter>
    <area>
      <areaDesc>polygonal event area</areaDesc>
      <polygon>47.819304,12.030732 47.81837,12.059373 47.813218,12.130796 47.839023,12.153284 47.836505,12.171491 47.821456,12.170519 47.822714,12.200609 47.813708,12.202287 47.81006,12.215295 47.818717,12.226405 47.812191,12.232539 47.816328,12.241874 47.80977,12.251253 47.798673,12.235823 47.790268,12.248656 47.79067,12.213416 47.779531,12.186034 47.765602,12.175266 47.758229,12.148277 47.759186,12.130753 47.752693,12.082043 47.739503,12.062143 47.744602,12.055255 47.75987,12.067438 47.76527,12.05239 47.806479,12.033774 47.81009,12.020442 47.819304,12.030732 47.819304,12.030732</polygon>
      <altitude>0.0</altitude>
      <ceiling>9842.5197</ceiling>
    </area>
    <area>
      <areaDesc>Gemeinde Raubling</areaDesc>
      <geocode>
        <valueName>WARNCELLID</valueName>
        <value>809187165</value>
      </geocode>
      <altitude>0.0</altitude>
      <ceiling>9842.5197</ceiling>
    </area>
    <area>
      <areaDesc>Gemeinde Neubeuern</areaDesc>
      <geocode>
        <valueName>WARNCELLID</valueName>
        <value>809187154</value>
      </geocode>
      <altitude>0.0</altitude>
      <ceiling>9842.5197</ceiling>
    </area>
    <area>
      <areaDesc>Gemeinde Rohrdorf</areaDesc>
      <geocode>
        <valueName>WARNCELLID</valueName>
        <value>809187169</value>
      </geocode>
      <altitude>0.0</altitude>
      <ceiling>9842.5197</ceiling>
    </area>
  </info>
  <info>
    <language>fr</language>
    <category>Met</category>
    <event>Rafales de vent</event>
    <responseType>Prepare</responseType>
    <urgency>Immediate</urgency>
    <severity>Minor</severity>
    <certainty>Likely</certainty>
    <eventCode>
      <valueName>PROFILE_VERSION</valueName>
      <value>2.1.13</value>
    </eventCode>
    <eventCode>
      <valueName>LICENSE</valueName>
      <value>© GeoBasis-DE / BKG 2021 (Daten modifiziert)</value>
    </eventCode>
    <eventCode>
      <valueName>II</valueName>
      <value>51</value>
    </eventCode>
    <eventCode>
      <valueName>GROUP</valueName>
      <value>WIND</value>
    </eventCode>
    <eventCode>
      <valueName>AREA_COLOR</valueName>
      <value>255 235 59</value>
    </eventCode>
    <effective>2024-10-07T11:30:00+02:00</effective>
    <onset>2024-10-07T11:30:00+02:00</onset>
    <expires>2024-10-09T00:00:00+02:00</expires>
    <senderName>Deutscher Wetterdienst</senderName>
    <headline>ALERTE officielle INTEMPÉRIES pour RAFALES DE VENT</headline>
    <description>Il y a un risque de rafales de vent (Niveau 1 sur 4).
Occurrence:dans les vallées à fœhn ; Rafale maximale: ~ 60 km/h ; Direction du vent: sud</description>
    <instruction>Attention : objets légers emportés par le vent. 
Recommandations d'action : 
Rangez ou fixez les objets non fixés ; Fixez p. ex. les tentes et les bâches</instruction>
    <web>https://dwd.de/warnungen</web>
    <contact>Deutscher Wetterdienst</contact>
    <parameter>
      <valueName>wind direction</valueName>
      <value>south</value>
    </parameter>
    <parameter>
      <valueName>gusts</valueName>
      <value>~60 [km/h]</value>
    </parameter>
    <area>
      <areaDesc>polygonal event area</areaDesc>
      <polygon>47.819304,12.030732 47.81837,12.059373 47.813218,12.130796 47.839023,12.153284 47.836505,12.171491 47.821456,12.170519 47.822714,12.200609 47.813708,12.202287 47.81006,12.215295 47.818717,12.226405 47.812191,12.232539 47.816328,12.241874 47.80977,12.251253 47.798673,12.235823 47.790268,12.248656 47.79067,12.213416 47.779531,12.186034 47.765602,12.175266 47.758229,12.148277 47.759186,12.130753 47.752693,12.082043 47.739503,12.062143 47.744602,12.055255 47.75987,12.067438 47.76527,12.05239 47.806479,12.033774 47.81009,12.020442 47.819304,12.030732 47.819304,12.030732</polygon>
      <altitude>0.0</altitude>
      <ceiling>9842.5197</ceiling>
    </area>
    <area>
      <areaDesc>Gemeinde Raubling</areaDesc>
      <geocode>
        <valueName>WARNCELLID</valueName>
        <value>809187165</value>
      </geocode>
      <altitude>0.0</altitude>
      <ceiling>9842.5197</ceiling>
    </area>
    <area>
      <areaDesc>Gemeinde Neubeuern</areaDesc>
      <geocode>
        <valueName>WARNCELLID</valueName>
        <value>809187154</value>
      </geocode>
      <altitude>0.0</altitude>
      <ceiling>9842.5197</ceiling>
    </area>
    <area>
      <areaDesc>Gemeinde Rohrdorf</areaDesc>
      <geocode>
        <valueName>WARNCELLID</valueName>
        <value>809187169</value>
      </geocode>
      <altitude>0.0</altitude>
      <ceiling>9842.5197</ceiling>
    </area>
  </info>
  <info>
    <language>es</language>
    <category>Met</category>
    <event>viento racheado</event>
    <responseType>Prepare</responseType>
    <urgency>Immediate</urgency>
    <severity>Minor</severity>
    <certainty>Likely</certainty>
    <eventCode>
      <valueName>PROFILE_VERSION</valueName>
      <value>2.1.13</value>
    </eventCode>
    <eventCode>
      <valueName>LICENSE</valueName>
      <value>© GeoBasis-DE / BKG 2021 (Daten modifiziert)</value>
    </eventCode>
    <eventCode>
      <valueName>II</valueName>
      <value>51</value>
    </eventCode>
    <eventCode>
      <valueName>GROUP</valueName>
      <value>WIND</value>
    </eventCode>
    <eventCode>
      <valueName>AREA_COLOR</valueName>
      <value>255 235 59</value>
    </eventCode>
    <effective>2024-10-07T11:30:00+02:00</effective>
    <onset>2024-10-07T11:30:00+02:00</onset>
    <expires>2024-10-09T00:00:00+02:00</expires>
    <senderName>Deutscher Wetterdienst</senderName>
    <headline>AVISO oficial de VIENTO RACHEADO</headline>
    <description>Existe el riesgo de que se produzca viento racheado. (Nivel 1 de 4)
Aparición del fenómeno: en valles expuestos al viento cálido del sur; Rachas máximas de viento: ~ 60 km/h; Dirección del viento: sur</description>
    <instruction>Indicio de: objetos ligeros que vuelan por el aire. 
Recomendaciones de acción: 
asegurar objetos sueltos; p. ej. fijar las tiendas de campaña y lonas</instruction>
    <web>https://dwd.de/warnungen</web>
    <contact>Deutscher Wetterdienst</contact>
    <parameter>
      <valueName>wind direction</valueName>
      <value>south</value>
    </parameter>
    <parameter>
      <valueName>gusts</valueName>
      <value>~60 [km/h]</value>
    </parameter>
    <area>
      <areaDesc>polygonal event area</areaDesc>
      <polygon>47.819304,12.030732 47.81837,12.059373 47.813218,12.130796 47.839023,12.153284 47.836505,12.171491 47.821456,12.170519 47.822714,12.200609 47.813708,12.202287 47.81006,12.215295 47.818717,12.226405 47.812191,12.232539 47.816328,12.241874 47.80977,12.251253 47.798673,12.235823 47.790268,12.248656 47.79067,12.213416 47.779531,12.186034 47.765602,12.175266 47.758229,12.148277 47.759186,12.130753 47.752693,12.082043 47.739503,12.062143 47.744602,12.055255 47.75987,12.067438 47.76527,12.05239 47.806479,12.033774 47.81009,12.020442 47.819304,12.030732 47.819304,12.030732</polygon>
      <altitude>0.0</altitude>
      <ceiling>9842.5197</ceiling>
    </area>
    <area>
      <areaDesc>Gemeinde Raubling</areaDesc>
      <geocode>
        <valueName>WARNCELLID</valueName>
        <value>809187165</value>
      </geocode>
      <altitude>0.0</altitude>
      <ceiling>9842.5197</ceiling>
    </area>
    <area>
      <areaDesc>Gemeinde Neubeuern</areaDesc>
      <geocode>
        <valueName>WARNCELLID</valueName>
        <value>809187154</value>
      </geocode>
      <altitude>0.0</altitude>
      <ceiling>9842.5197</ceiling>
    </area>
    <area>
      <areaDesc>Gemeinde Rohrdorf</areaDesc>
      <geocode>
        <valueName>WARNCELLID</valueName>
        <value>809187169</value>
      </geocode>
      <altitude>0.0</altitude>
      <ceiling>9842.5197</ceiling>
    </area>
  </info>
  <info>
    <language>ar</language>
    <category>Met</category>
    <event>هبوب رياح </event>
    <responseType>Prepare</responseType>
    <urgency>Immediate</urgency>
    <severity>Minor</severity>
    <certainty>Likely</certainty>
    <eventCode>
      <valueName>PROFILE_VERSION</valueName>
      <value>2.1.13</value>
    </eventCode>
    <eventCode>
      <valueName>LICENSE</valueName>
      <value>© GeoBasis-DE / BKG 2021 (Daten modifiziert)</value>
    </eventCode>
    <eventCode>
      <valueName>II</valueName>
      <value>51</value>
    </eventCode>
    <eventCode>
      <valueName>GROUP</valueName>
      <value>WIND</value>
    </eventCode>
    <eventCode>
      <valueName>AREA_COLOR</valueName>
      <value>255 235 59</value>
    </eventCode>
    <effective>2024-10-07T11:30:00+02:00</effective>
    <onset>2024-10-07T11:30:00+02:00</onset>
    <expires>2024-10-09T00:00:00+02:00</expires>
    <senderName>Deutscher Wetterdienst</senderName>
    <headline>تحذير رسمي من هبوب رياح </headline>
    <description>هناك خطر من حدوث هبوب رياح (الدرجة 1 من 4)
حدوث: في الوديان الدافئة; عصفات قسوة: ~ 60 كم/ساعة; اتجاه الرياح: الجنوب</description>
    <instruction>الخطر ( المخاطر ) المتوقعة: تطاير أجسام صغيرة الحجم في الهواء. 
التوصيات التي يجب اتباعها: 
تأمين الأشياء الغير مؤمنه; على سبيل المثال ، ربط الخيام والأغطية</instruction>
    <web>https://dwd.de/warnungen</web>
    <contact>Deutscher Wetterdienst</contact>
    <parameter>
      <valueName>wind direction</valueName>
      <value>south</value>
    </parameter>
    <parameter>
      <valueName>gusts</valueName>
      <value>~60 [km/h]</value>
    </parameter>
    <area>
      <areaDesc>polygonal event area</areaDesc>
      <polygon>47.819304,12.030732 47.81837,12.059373 47.813218,12.130796 47.839023,12.153284 47.836505,12.171491 47.821456,12.170519 47.822714,12.200609 47.813708,12.202287 47.81006,12.215295 47.818717,12.226405 47.812191,12.232539 47.816328,12.241874 47.80977,12.251253 47.798673,12.235823 47.790268,12.248656 47.79067,12.213416 47.779531,12.186034 47.765602,12.175266 47.758229,12.148277 47.759186,12.130753 47.752693,12.082043 47.739503,12.062143 47.744602,12.055255 47.75987,12.067438 47.76527,12.05239 47.806479,12.033774 47.81009,12.020442 47.819304,12.030732 47.819304,12.030732</polygon>
      <altitude>0.0</altitude>
      <ceiling>9842.5197</ceiling>
    </area>
    <area>
      <areaDesc>Gemeinde Raubling</areaDesc>
      <geocode>
        <valueName>WARNCELLID</valueName>
        <value>809187165</value>
      </geocode>
      <altitude>0.0</altitude>
      <ceiling>9842.5197</ceiling>
    </area>
    <area>
      <areaDesc>Gemeinde Neubeuern</areaDesc>
      <geocode>
        <valueName>WARNCELLID</valueName>
        <value>809187154</value>
      </geocode>
      <altitude>0.0</altitude>
      <ceiling>9842.5197</ceiling>
    </area>
    <area>
      <areaDesc>Gemeinde Rohrdorf</areaDesc>
      <geocode>
        <valueName>WARNCELLID</valueName>
        <value>809187169</value>
      </geocode>
      <altitude>0.0</altitude>
      <ceiling>9842.5197</ceiling>
    </area>
  </info>
  <info>
    <language>ru</language>
    <category>Met</category>
    <event>Шквалы ветра</event>
    <responseType>Prepare</responseType>
    <urgency>Immediate</urgency>
    <severity>Minor</severity>
    <certainty>Likely</certainty>
    <eventCode>
      <valueName>PROFILE_VERSION</valueName>
      <value>2.1.13</value>
    </eventCode>
    <eventCode>
      <valueName>LICENSE</valueName>
      <value>© GeoBasis-DE / BKG 2021 (Daten modifiziert)</value>
    </eventCode>
    <eventCode>
      <valueName>II</valueName>
      <value>51</value>
    </eventCode>
    <eventCode>
      <valueName>GROUP</valueName>
      <value>WIND</value>
    </eventCode>
    <eventCode>
      <valueName>AREA_COLOR</valueName>
      <value>255 235 59</value>
    </eventCode>
    <effective>2024-10-07T11:30:00+02:00</effective>
    <onset>2024-10-07T11:30:00+02:00</onset>
    <expires>2024-10-09T00:00:00+02:00</expires>
    <senderName>Deutscher Wetterdienst</senderName>
    <headline>Официальное метеорологическое предупреждение: Шквалы ветра</headline>
    <description>Существует риск от: Шквалы ветра (уровень 1 из 4)
Наблюдается: в фёновых долинах; Максимальные порывы ветра: ~ 60 км / ч; Направление ветра: южное</description>
    <instruction>Ожидаемая опасность: летающих легких предметов. 
Поведенческие рекомендации: 
обеспечить надежность незакрепленных предметов; укрепить, напр., палатки или защитные покрытия</instruction>
    <web>https://dwd.de/warnungen</web>
    <contact>Deutscher Wetterdienst</contact>
    <parameter>
      <valueName>wind direction</valueName>
      <value>south</value>
    </parameter>
    <parameter>
      <valueName>gusts</valueName>
      <value>~60 [km/h]</value>
    </parameter>
    <area>
      <areaDesc>polygonal event area</areaDesc>
      <polygon>47.819304,12.030732 47.81837,12.059373 47.813218,12.130796 47.839023,12.153284 47.836505,12.171491 47.821456,12.170519 47.822714,12.200609 47.813708,12.202287 47.81006,12.215295 47.818717,12.226405 47.812191,12.232539 47.816328,12.241874 47.80977,12.251253 47.798673,12.235823 47.790268,12.248656 47.79067,12.213416 47.779531,12.186034 47.765602,12.175266 47.758229,12.148277 47.759186,12.130753 47.752693,12.082043 47.739503,12.062143 47.744602,12.055255 47.75987,12.067438 47.76527,12.05239 47.806479,12.033774 47.81009,12.020442 47.819304,12.030732 47.819304,12.030732</polygon>
      <altitude>0.0</altitude>
      <ceiling>9842.5197</ceiling>
    </area>
    <area>
      <areaDesc>Gemeinde Raubling</areaDesc>
      <geocode>
        <valueName>WARNCELLID</valueName>
        <value>809187165</value>
      </geocode>
      <altitude>0.0</altitude>
      <ceiling>9842.5197</ceiling>
    </area>
    <area>
      <areaDesc>Gemeinde Neubeuern</areaDesc>
      <geocode>
        <valueName>WARNCELLID</valueName>
        <value>809187154</value>
      </geocode>
      <altitude>0.0</altitude>
      <ceiling>9842.5197</ceiling>
    </area>
    <area>
      <areaDesc>Gemeinde Rohrdorf</areaDesc>
      <geocode>
        <valueName>WARNCELLID</valueName>
        <value>809187169</value>
      </geocode>
      <altitude>0.0</altitude>
      <ceiling>9842.5197</ceiling>
    </area>
  </info>
  <info>
    <language>tr</language>
    <category>Met</category>
    <event>rüzgar esintileri</event>
    <responseType>Prepare</responseType>
    <urgency>Immediate</urgency>
    <severity>Minor</severity>
    <certainty>Likely</certainty>
    <eventCode>
      <valueName>PROFILE_VERSION</valueName>
      <value>2.1.13</value>
    </eventCode>
    <eventCode>
      <valueName>LICENSE</valueName>
      <value>© GeoBasis-DE / BKG 2021 (Daten modifiziert)</value>
    </eventCode>
    <eventCode>
      <valueName>II</valueName>
      <value>51</value>
    </eventCode>
    <eventCode>
      <valueName>GROUP</valueName>
      <value>WIND</value>
    </eventCode>
    <eventCode>
      <valueName>AREA_COLOR</valueName>
      <value>255 235 59</value>
    </eventCode>
    <effective>2024-10-07T11:30:00+02:00</effective>
    <onset>2024-10-07T11:30:00+02:00</onset>
    <expires>2024-10-09T00:00:00+02:00</expires>
    <senderName>Deutscher Wetterdienst</senderName>
    <headline>RÜZGAR ESİNTİLERİNE karşı resmi UYARI</headline>
    <description>Rüzgar esintileri bekleniyor (Seviye 1 / 4).
Ortaya çıkış: fön vadilerinde; Maksimum rüzgar: ~ 60 km/s; Rüzgar yönü: Güney</description>
    <instruction>Beklenen tehlike(ler): havada uçan hafif nesneler. 
Ne yapılması gerektiğine dair tavsiyeler: 
Gevşek nesneleri sabitleyin. Örneğin, çadırları ve örtüleri sabitleyin.</instruction>
    <web>https://dwd.de/warnungen</web>
    <contact>Deutscher Wetterdienst</contact>
    <parameter>
      <valueName>wind direction</valueName>
      <value>south</value>
    </parameter>
    <parameter>
      <valueName>gusts</valueName>
      <value>~60 [km/h]</value>
    </parameter>
    <area>
      <areaDesc>polygonal event area</areaDesc>
      <polygon>47.819304,12.030732 47.81837,12.059373 47.813218,12.130796 47.839023,12.153284 47.836505,12.171491 47.821456,12.170519 47.822714,12.200609 47.813708,12.202287 47.81006,12.215295 47.818717,12.226405 47.812191,12.232539 47.816328,12.241874 47.80977,12.251253 47.798673,12.235823 47.790268,12.248656 47.79067,12.213416 47.779531,12.186034 47.765602,12.175266 47.758229,12.148277 47.759186,12.130753 47.752693,12.082043 47.739503,12.062143 47.744602,12.055255 47.75987,12.067438 47.76527,12.05239 47.806479,12.033774 47.81009,12.020442 47.819304,12.030732 47.819304,12.030732</polygon>
      <altitude>0.0</altitude>
      <ceiling>9842.5197</ceiling>
    </area>
    <area>
      <areaDesc>Gemeinde Raubling</areaDesc>
      <geocode>
        <valueName>WARNCELLID</valueName>
        <value>809187165</value>
      </geocode>
      <altitude>0.0</altitude>
      <ceiling>9842.5197</ceiling>
    </area>
    <area>
      <areaDesc>Gemeinde Neubeuern</areaDesc>
      <geocode>
        <valueName>WARNCELLID</valueName>
        <value>809187154</value>
      </geocode>
      <altitude>0.0</altitude>
      <ceiling>9842.5197</ceiling>
    </area>
    <area>
      <areaDesc>Gemeinde Rohrdorf</areaDesc>
      <geocode>
        <valueName>WARNCELLID</valueName>
        <value>809187169</value>
      </geocode>
      <altitude>0.0</altitude>
      <ceiling>9842.5197</ceiling>
    </area>
  </info>
  <info>
    <language>pl</language>
    <category>Met</category>
    <event>Porywy wiatru</event>
    <responseType>Prepare</responseType>
    <urgency>Immediate</urgency>
    <severity>Minor</severity>
    <certainty>Likely</certainty>
    <eventCode>
      <valueName>PROFILE_VERSION</valueName>
      <value>2.1.13</value>
    </eventCode>
    <eventCode>
      <valueName>LICENSE</valueName>
      <value>© GeoBasis-DE / BKG 2021 (Daten modifiziert)</value>
    </eventCode>
    <eventCode>
      <valueName>II</valueName>
      <value>51</value>
    </eventCode>
    <eventCode>
      <valueName>GROUP</valueName>
      <value>WIND</value>
    </eventCode>
    <eventCode>
      <valueName>AREA_COLOR</valueName>
      <value>255 235 59</value>
    </eventCode>
    <effective>2024-10-07T11:30:00+02:00</effective>
    <onset>2024-10-07T11:30:00+02:00</onset>
    <expires>2024-10-09T00:00:00+02:00</expires>
    <senderName>Deutscher Wetterdienst</senderName>
    <headline>Oficjalne OSTRZEŻENIE METEOROLOGICZNE (1. STOPNIA) przed  PORYWAMI WIATRU </headline>
    <description>Istnieje ryzyko wystąpienia: Porywy wiatru (stopień 1 z 4).
Występowanie: w dolinach, gdzie wieje wiatr fenowy; Maksymalne porywy wiatru: ~ 60 km/h; Kierunek wiatru: południowy</description>
    <instruction>Ostrzeżenie: latające w powietrzu lekkie przedmioty. 
Zalecenia, jak się zachować: 
Zabezpiecz luźne przedmioty. Np. zabezpiecz namioty i pokrywy.</instruction>
    <web>https://dwd.de/warnungen</web>
    <contact>Deutscher Wetterdienst</contact>
    <parameter>
      <valueName>wind direction</valueName>
      <value>south</value>
    </parameter>
    <parameter>
      <valueName>gusts</valueName>
      <value>~60 [km/h]</value>
    </parameter>
    <area>
      <areaDesc>polygonal event area</areaDesc>
      <polygon>47.819304,12.030732 47.81837,12.059373 47.813218,12.130796 47.839023,12.153284 47.836505,12.171491 47.821456,12.170519 47.822714,12.200609 47.813708,12.202287 47.81006,12.215295 47.818717,12.226405 47.812191,12.232539 47.816328,12.241874 47.80977,12.251253 47.798673,12.235823 47.790268,12.248656 47.79067,12.213416 47.779531,12.186034 47.765602,12.175266 47.758229,12.148277 47.759186,12.130753 47.752693,12.082043 47.739503,12.062143 47.744602,12.055255 47.75987,12.067438 47.76527,12.05239 47.806479,12.033774 47.81009,12.020442 47.819304,12.030732 47.819304,12.030732</polygon>
      <altitude>0.0</altitude>
      <ceiling>9842.5197</ceiling>
    </area>
    <area>
      <areaDesc>Gemeinde Raubling</areaDesc>
      <geocode>
        <valueName>WARNCELLID</valueName>
        <value>809187165</value>
      </geocode>
      <altitude>0.0</altitude>
      <ceiling>9842.5197</ceiling>
    </area>
    <area>
      <areaDesc>Gemeinde Neubeuern</areaDesc>
      <geocode>
        <valueName>WARNCELLID</valueName>
        <value>809187154</value>
      </geocode>
      <altitude>0.0</altitude>
      <ceiling>9842.5197</ceiling>
    </area>
    <area>
      <areaDesc>Gemeinde Rohrdorf</areaDesc>
      <geocode>
        <valueName>WARNCELLID</valueName>
        <value>809187169</value>
      </geocode>
      <altitude>0.0</altitude>
      <ceiling>9842.5197</ceiling>
    </area>
  </info>
</alert>
