<?xml version="1.0" encoding="UTF-8" standalone="yes"?>
<alert xmlns="urn:oasis:names:tc:emergency:cap:1.2">
  <identifier>2.49.0.0.276.0.DWD.PVW.1728384840000.2eca6dd5-c068-49b1-8e9a-3eef1d5e762d.MUL</identifier>
  <sender>opendata@dwd.de</sender>
  <sent>2024-10-08T12:54:00+02:00</sent>
  <status>Actual</status>
  <msgType>Alert</msgType>
  <source>PVW</source>
  <scope>Public</scope>
  <code>id:2.49.0.0.276.0.DWD.PVW.1728384840000.2eca6dd5-c068-49b1-8e9a-3eef1d5e762d</code>
  <info>
    <language>de-DE</language>
    <category>Met</category>
    <event>STARKWIND</event>
    <responseType>Prepare</responseType>
    <urgency>Immediate</urgency>
    <severity>Minor</severity>
    <certainty>Likely</certainty>
    <eventCode>
      <valueName>PROFILE_VERSION</valueName>
      <value>2.1.13</value>
    </eventCode>
    <eventCode>
      <valueName>LICENSE</valueName>
      <value>© GeoBasis-DE / BKG 2021 (Daten modifiziert)</value>
    </eventCode>
    <eventCode>
      <valueName>II</valueName>
      <value>57</value>
    </eventCode>
    <eventCode>
      <valueName>GROUP</valueName>
      <value>WIND</value>
    </eventCode>
    <eventCode>
      <valueName>AREA_COLOR</valueName>
      <value>255 235 59</value>
    </eventCode>
    <effective>2024-10-08T12:54:00+02:00</effective>
    <onset>2024-10-08T12:54:00+02:00</onset>
    <senderName>Deutscher Wetterdienst</senderName>
    <headline>Amtliche WARNUNG vor STARKWIND</headline>
    <description>In Verbindung mit Föhn treten Windböen mit Geschwindigkeiten bis 60 km/h (17 m/s, 33 kn, Bft 7) aus südlicher Richtung auf.</description>
    <instruction>Hinweis auf mögliche Gefahr von Kentern kleinerer Boote. 
Handlungsempfehlungen: 
Wetterentwicklung beobachten; auf kurzfristiges Verlassen des Sees einstellen</instruction>
    <web>https://dwd.de/warnungen</web>
    <contact>Deutscher Wetterdienst</contact>
    <parameter>
      <valueName>gusts</valueName>
      <value>&lt;60 [km/h]</value>
    </parameter>
    <parameter>
      <valueName>wind direction</valueName>
      <value>south</value>
    </parameter>
    <parameter>
      <valueName>cause</valueName>
      <value>in connection with foehn wind</value>
    </parameter>
    <area>
      <areaDesc>Walchensee</areaDesc>
      <geocode>
        <valueName>WARNCELLID</valueName>
        <value>209908000</value>
      </geocode>
      <altitude>0.0</altitude>
      <ceiling>9842.5197</ceiling>
    </area>
  </info>
  <info>
    <language>en</language>
    <category>Met</category>
    <event>strong wind</event>
    <responseType>Prepare</responseType>
    <urgency>Immediate</urgency>
    <severity>Minor</severity>
    <certainty>Likely</certainty>
    <eventCode>
      <valueName>PROFILE_VERSION</valueName>
      <value>2.1.13</value>
    </eventCode>
    <eventCode>
      <valueName>LICENSE</valueName>
      <value>© GeoBasis-DE / BKG 2021 (Daten modifiziert)</value>
    </eventCode>
    <eventCode>
      <valueName>II</valueName>
      <value>57</value>
    </eventCode>
    <eventCode>
      <valueName>GROUP</valueName>
      <value>WIND</value>
    </eventCode>
    <eventCode>
      <valueName>AREA_COLOR</valueName>
      <value>255 235 59</value>
    </eventCode>
    <effective>2024-10-08T12:54:00+02:00</effective>
    <onset>2024-10-08T12:54:00+02:00</onset>
    <senderName>Deutscher Wetterdienst</senderName>
    <headline>Official WARNING of STRONG WIND</headline>
    <description>There is a risk of strong wind (level 1 of 2).
Max. gusts: &lt; 60 km/h; Wind direction: south; cause: in connection with foehn wind</description>
    <instruction>Hazard(s) to expect: risk of capsizing of small boats. 
Recommendations for what to do: 
Keep an eye on how the weather situation develops. Be prepared for leaving the lake at a moment’s notice.</instruction>
    <web>https://dwd.de/warnungen</web>
    <contact>Deutscher Wetterdienst</contact>
    <parameter>
      <valueName>gusts</valueName>
      <value>&lt;60 [km/h]</value>
    </parameter>
    <parameter>
      <valueName>wind direction</valueName>
      <value>south</value>
    </parameter>
    <parameter>
      <valueName>cause</valueName>
      <value>in connection with foehn wind</value>
    </parameter>
    <area>
      <areaDesc>Walchensee</areaDesc>
      <geocode>
        <valueName>WARNCELLID</valueName>
        <value>209908000</value>
      </geocode>
      <altitude>0.0</altitude>
      <ceiling>9842.5197</ceiling>
    </area>
  </info>
  <info>
    <language>fr</language>
    <category>Met</category>
    <event>Vent frais (eaux intérieures)</event>
    <responseType>Prepare</responseType>
    <urgency>Immediate</urgency>
    <severity>Minor</severity>
    <certainty>Likely</certainty>
    <eventCode>
      <valueName>PROFILE_VERSION</valueName>
      <value>2.1.13</value>
    </eventCode>
    <eventCode>
      <valueName>LICENSE</valueName>
      <value>© GeoBasis-DE / BKG 2021 (Daten modifiziert)</value>
    </eventCode>
    <eventCode>
      <valueName>II</valueName>
      <value>57</value>
    </eventCode>
    <eventCode>
      <valueName>GROUP</valueName>
      <value>WIND</value>
    </eventCode>
    <eventCode>
      <valueName>AREA_COLOR</valueName>
      <value>255 235 59</value>
    </eventCode>
    <effective>2024-10-08T12:54:00+02:00</effective>
    <onset>2024-10-08T12:54:00+02:00</onset>
    <senderName>Deutscher Wetterdienst</senderName>
    <headline>ALERTE officielle INTEMPÉRIES pour VENT FORT</headline>
    <description>Il y a un risque de vent frais (eaux intérieures) (Niveau 1 sur 2).
Rafale maximale: &lt; 60 km/h ; Direction du vent: sud ; cause: en rapport avec le fœhn</description>
    <instruction>Attention : risque de chavirage de petits bateaux. 
Recommandations d'action : 
Observez l'évolution météorologique ; Préparez-vous à devoir quitter le lac d'un moment à l'autre</instruction>
    <web>https://dwd.de/warnungen</web>
    <contact>Deutscher Wetterdienst</contact>
    <parameter>
      <valueName>gusts</valueName>
      <value>&lt;60 [km/h]</value>
    </parameter>
    <parameter>
      <valueName>wind direction</valueName>
      <value>south</value>
    </parameter>
    <parameter>
      <valueName>cause</valueName>
      <value>in connection with foehn wind</value>
    </parameter>
    <area>
      <areaDesc>Walchensee</areaDesc>
      <geocode>
        <valueName>WARNCELLID</valueName>
        <value>209908000</value>
      </geocode>
      <altitude>0.0</altitude>
      <ceiling>9842.5197</ceiling>
    </area>
  </info>
  <info>
    <language>es</language>
    <category>Met</category>
    <event>viento fuerte</event>
    <responseType>Prepare</responseType>
    <urgency>Immediate</urgency>
    <severity>Minor</severity>
    <certainty>Likely</certainty>
    <eventCode>
      <valueName>PROFILE_VERSION</valueName>
      <value>2.1.13</value>
    </eventCode>
    <eventCode>
      <valueName>LICENSE</valueName>
      <value>© GeoBasis-DE / BKG 2021 (Daten modifiziert)</value>
    </eventCode>
    <eventCode>
      <valueName>II</valueName>
      <value>57</value>
    </eventCode>
    <eventCode>
      <valueName>GROUP</valueName>
      <value>WIND</value>
    </eventCode>
    <eventCode>
      <valueName>AREA_COLOR</valueName>
      <value>255 235 59</value>
    </eventCode>
    <effective>2024-10-08T12:54:00+02:00</effective>
    <onset>2024-10-08T12:54:00+02:00</onset>
    <senderName>Deutscher Wetterdienst</senderName>
    <headline>AVISO oficial de VIENTO FUERTE</headline>
    <description>Existe el riesgo de que se produzca viento fuerte. (Nivel 1 de 2)
Rachas máximas de viento: &lt; 60 km/h; Dirección del viento: sur; causa: en conexión con el viento cálido del sur</description>
    <instruction>Indicio de: riesgo de zozobra de embarcaciones pequeñas. 
Recomendaciones de acción: 
estar atentos a los cambios del tiempo; estar preparados para salir rápidamente del lago</instruction>
    <web>https://dwd.de/warnungen</web>
    <contact>Deutscher Wetterdienst</contact>
    <parameter>
      <valueName>gusts</valueName>
      <value>&lt;60 [km/h]</value>
    </parameter>
    <parameter>
      <valueName>wind direction</valueName>
      <value>south</value>
    </parameter>
    <parameter>
      <valueName>cause</valueName>
      <value>in connection with foehn wind</value>
    </parameter>
    <area>
      <areaDesc>Walchensee</areaDesc>
      <geocode>
        <valueName>WARNCELLID</valueName>
        <value>209908000</value>
      </geocode>
      <altitude>0.0</altitude>
      <ceiling>9842.5197</ceiling>
    </area>
  </info>
  <info>
    <language>ar</language>
    <category>Met</category>
    <event>رياح قوية (بحيرات ) </event>
    <responseType>Prepare</responseType>
    <urgency>Immediate</urgency>
    <severity>Minor</severity>
    <certainty>Likely</certainty>
    <eventCode>
      <valueName>PROFILE_VERSION</valueName>
      <value>2.1.13</value>
    </eventCode>
    <eventCode>
      <valueName>LICENSE</valueName>
      <value>© GeoBasis-DE / BKG 2021 (Daten modifiziert)</value>
    </eventCode>
    <eventCode>
      <valueName>II</valueName>
      <value>57</value>
    </eventCode>
    <eventCode>
      <valueName>GROUP</valueName>
      <value>WIND</value>
    </eventCode>
    <eventCode>
      <valueName>AREA_COLOR</valueName>
      <value>255 235 59</value>
    </eventCode>
    <effective>2024-10-08T12:54:00+02:00</effective>
    <onset>2024-10-08T12:54:00+02:00</onset>
    <senderName>Deutscher Wetterdienst</senderName>
    <headline>تحذير رسمي من رياح قوية</headline>
    <description>هناك خطر من حدوث  رياح قوية (بحيرات ) (الدرجة 1 من 2)
عصفات قسوة: &lt; 60 كم/ساعة; اتجاه الرياح: الجنوب; السبب: تتصل برياح الفهن </description>
    <instruction>الخطر ( المخاطر ) المتوقعة: احتمالية خطورة انقلاب القوارب الصغيرة. 
التوصيات التي يجب اتباعها: 
كن واعيا عن التغيرات الجوية.; كن مستعدا لمغادرة البحيرة في أي لحظة.</instruction>
    <web>https://dwd.de/warnungen</web>
    <contact>Deutscher Wetterdienst</contact>
    <parameter>
      <valueName>gusts</valueName>
      <value>&lt;60 [km/h]</value>
    </parameter>
    <parameter>
      <valueName>wind direction</valueName>
      <value>south</value>
    </parameter>
    <parameter>
      <valueName>cause</valueName>
      <value>in connection with foehn wind</value>
    </parameter>
    <area>
      <areaDesc>Walchensee</areaDesc>
      <geocode>
        <valueName>WARNCELLID</valueName>
        <value>209908000</value>
      </geocode>
      <altitude>0.0</altitude>
      <ceiling>9842.5197</ceiling>
    </area>
  </info>
  <info>
    <language>ru</language>
    <category>Met</category>
    <event>Сильный ветер (озера)</event>
    <responseType>Prepare</responseType>
    <urgency>Immediate</urgency>
    <severity>Minor</severity>
    <certainty>Likely</certainty>
    <eventCode>
      <valueName>PROFILE_VERSION</valueName>
      <value>2.1.13</value>
    </eventCode>
    <eventCode>
      <valueName>LICENSE</valueName>
      <value>© GeoBasis-DE / BKG 2021 (Daten modifiziert)</value>
    </eventCode>
    <eventCode>
      <valueName>II</valueName>
      <value>57</value>
    </eventCode>
    <eventCode>
      <valueName>GROUP</valueName>
      <value>WIND</value>
    </eventCode>
    <eventCode>
      <valueName>AREA_COLOR</valueName>
      <value>255 235 59</value>
    </eventCode>
    <effective>2024-10-08T12:54:00+02:00</effective>
    <onset>2024-10-08T12:54:00+02:00</onset>
    <senderName>Deutscher Wetterdienst</senderName>
    <headline>Официальное метеорологическое предупреждение: Сильный ветер (озера)</headline>
    <description>Существует риск от: Сильный ветер (озера) (уровень 1 из 2).
Максимальные порывы ветра: &lt; 60 км / ч; Направление ветра: южное; Причина: в сочетании с фёном</description>
    <instruction>Ожидаемая опасность: опасности опрокидывания небольших лодок. 
Поведенческие рекомендации: 
следить за развитием погоды; подготовиться к покиданию озера</instruction>
    <web>https://dwd.de/warnungen</web>
    <contact>Deutscher Wetterdienst</contact>
    <parameter>
      <valueName>gusts</valueName>
      <value>&lt;60 [km/h]</value>
    </parameter>
    <parameter>
      <valueName>wind direction</valueName>
      <value>south</value>
    </parameter>
    <parameter>
      <valueName>cause</valueName>
      <value>in connection with foehn wind</value>
    </parameter>
    <area>
      <areaDesc>Walchensee</areaDesc>
      <geocode>
        <valueName>WARNCELLID</valueName>
        <value>209908000</value>
      </geocode>
      <altitude>0.0</altitude>
      <ceiling>9842.5197</ceiling>
    </area>
  </info>
  <info>
    <language>tr</language>
    <category>Met</category>
    <event>güçlü rüzgar</event>
    <responseType>Prepare</responseType>
    <urgency>Immediate</urgency>
    <severity>Minor</severity>
    <certainty>Likely</certainty>
    <eventCode>
      <valueName>PROFILE_VERSION</valueName>
      <value>2.1.13</value>
    </eventCode>
    <eventCode>
      <valueName>LICENSE</valueName>
      <value>© GeoBasis-DE / BKG 2021 (Daten modifiziert)</value>
    </eventCode>
    <eventCode>
      <valueName>II</valueName>
      <value>57</value>
    </eventCode>
    <eventCode>
      <valueName>GROUP</valueName>
      <value>WIND</value>
    </eventCode>
    <eventCode>
      <valueName>AREA_COLOR</valueName>
      <value>255 235 59</value>
    </eventCode>
    <effective>2024-10-08T12:54:00+02:00</effective>
    <onset>2024-10-08T12:54:00+02:00</onset>
    <senderName>Deutscher Wetterdienst</senderName>
    <headline>GÜÇLÜ RÜZGARA karşı resmi UYARI</headline>
    <description>Güçlü rüzgar bekleniyor (Seviye 1 / 2).
Maksimum rüzgar: &lt; 60 km/s; Rüzgar yönü: Güney; Nedeni: bir fön ile bağlantılı</description>
    <instruction>Beklenen tehlike(ler): küçük teknelerin alabora olma riski. 
Ne yapılması gerektiğine dair tavsiyeler: 
Hava durumundaki gelişmeleri takip edin. Bir an önce gölden ayrılmaya hazır olun.</instruction>
    <web>https://dwd.de/warnungen</web>
    <contact>Deutscher Wetterdienst</contact>
    <parameter>
      <valueName>gusts</valueName>
      <value>&lt;60 [km/h]</value>
    </parameter>
    <parameter>
      <valueName>wind direction</valueName>
      <value>south</value>
    </parameter>
    <parameter>
      <valueName>cause</valueName>
      <value>in connection with foehn wind</value>
    </parameter>
    <area>
      <areaDesc>Walchensee</areaDesc>
      <geocode>
        <valueName>WARNCELLID</valueName>
        <value>209908000</value>
      </geocode>
      <altitude>0.0</altitude>
      <ceiling>9842.5197</ceiling>
    </area>
  </info>
  <info>
    <language>pl</language>
    <category>Met</category>
    <event>Silny wiatr (jeziora) </event>
    <responseType>Prepare</responseType>
    <urgency>Immediate</urgency>
    <severity>Minor</severity>
    <certainty>Likely</certainty>
    <eventCode>
      <valueName>PROFILE_VERSION</valueName>
      <value>2.1.13</value>
    </eventCode>
    <eventCode>
      <valueName>LICENSE</valueName>
      <value>© GeoBasis-DE / BKG 2021 (Daten modifiziert)</value>
    </eventCode>
    <eventCode>
      <valueName>II</valueName>
      <value>57</value>
    </eventCode>
    <eventCode>
      <valueName>GROUP</valueName>
      <value>WIND</value>
    </eventCode>
    <eventCode>
      <valueName>AREA_COLOR</valueName>
      <value>255 235 59</value>
    </eventCode>
    <effective>2024-10-08T12:54:00+02:00</effective>
    <onset>2024-10-08T12:54:00+02:00</onset>
    <senderName>Deutscher Wetterdienst</senderName>
    <headline>Oficjalne OSTRZEŻENIE METEOROLOGICZNE (1. STOPNIA) przed SILNYM WIATREM</headline>
    <description>Istnieje ryzyko wystąpienia: silny wiatr (jeziora) (stopień 1 z 2).
Maksymalne porywy wiatru: &lt; 60 km/h; Kierunek wiatru: południowy; Przyczyna: w połączeniu z wiatrem fenowym</description>
    <instruction>Ostrzeżenie: ryzyko wywrócenia małych łodzi. 
Zalecenia, jak się zachować: 
Obserwuj rozwój sytuacji pogodowej. Przygotuj się na konieczność nagłego opuszczenia jeziora.</instruction>
    <web>https://dwd.de/warnungen</web>
    <contact>Deutscher Wetterdienst</contact>
    <parameter>
      <valueName>gusts</valueName>
      <value>&lt;60 [km/h]</value>
    </parameter>
    <parameter>
      <valueName>wind direction</valueName>
      <value>south</value>
    </parameter>
    <parameter>
      <valueName>cause</valueName>
      <value>in connection with foehn wind</value>
    </parameter>
    <area>
      <areaDesc>Walchensee</areaDesc>
      <geocode>
        <valueName>WARNCELLID</valueName>
        <value>209908000</value>
      </geocode>
      <altitude>0.0</altitude>
      <ceiling>9842.5197</ceiling>
    </area>
  </info>
</alert>
