<?xml version="1.0" encoding="UTF-8" standalone="yes"?>
<alert xmlns="urn:oasis:names:tc:emergency:cap:1.2">
  <identifier>2.49.0.0.276.0.DWD.PVW.1728384840000.2eca6dd5-c068-49b1-8e9a-3eef1d5e762d.FRA</identifier>
  <sender>opendata@dwd.de</sender>
  <sent>2024-10-08T12:54:00+02:00</sent>
  <status>Actual</status>
  <msgType>Alert</msgType>
  <source>PVW</source>
  <scope>Public</scope>
  <code>id:2.49.0.0.276.0.DWD.PVW.1728384840000.2eca6dd5-c068-49b1-8e9a-3eef1d5e762d</code>
  <info>
    <language>fr</language>
    <category>Met</category>
    <event>Vent frais (eaux intérieures)</event>
    <responseType>Prepare</responseType>
    <urgency>Immediate</urgency>
    <severity>Minor</severity>
    <certainty>Likely</certainty>
    <eventCode>
      <valueName>PROFILE_VERSION</valueName>
      <value>2.1.13</value>
    </eventCode>
    <eventCode>
      <valueName>LICENSE</valueName>
      <value>© GeoBasis-DE / BKG 2021 (Daten modifiziert)</value>
    </eventCode>
    <eventCode>
      <valueName>II</valueName>
      <value>57</value>
    </eventCode>
    <eventCode>
      <valueName>GROUP</valueName>
      <value>WIND</value>
    </eventCode>
    <eventCode>
      <valueName>AREA_COLOR</valueName>
      <value>255 235 59</value>
    </eventCode>
    <effective>2024-10-08T12:54:00+02:00</effective>
    <onset>2024-10-08T12:54:00+02:00</onset>
    <senderName>Deutscher Wetterdienst</senderName>
    <headline>ALERTE officielle INTEMPÉRIES pour VENT FORT</headline>
    <description>Il y a un risque de vent frais (eaux intérieures) (Niveau 1 sur 2).
Rafale maximale: &lt; 60 km/h ; Direction du vent: sud ; cause: en rapport avec le fœhn</description>
    <instruction>Attention : risque de chavirage de petits bateaux. 
Recommandations d'action : 
Observez l'évolution météorologique ; Préparez-vous à devoir quitter le lac d'un moment à l'autre</instruction>
    <web>https://dwd.de/warnungen</web>
    <contact>Deutscher Wetterdienst</contact>
    <parameter>
      <valueName>gusts</valueName>
      <value>&lt;60 [km/h]</value>
    </parameter>
    <parameter>
      <valueName>wind direction</valueName>
      <value>south</value>
    </parameter>
    <parameter>
      <valueName>cause</valueName>
      <value>in connection with foehn wind</value>
    </parameter>
    <area>
      <areaDesc>Walchensee</areaDesc>
      <geocode>
        <valueName>WARNCELLID</valueName>
        <value>209908000</value>
      </geocode>
      <altitude>0.0</altitude>
      <ceiling>9842.5197</ceiling>
    </area>
  </info>
</alert>
